{"template_color":"1","default_layout":"default","layout_override":"","layout_position":"left","template_width":"1300","tablet_width":"1030","tablet_small_width":"820","mobile_width":"580","sidebar_position":"right","sidebar_width":"24","sidebar_width_for_pages":"","inset_position":"left","inset_width":"12.5","inset_width_for_pages":"","font_name_group1":"google;own;http:\/\/fonts.googleapis.com\/css?family=Open+Sans:300,400,600,700;Open Sans","font_rules_group1":"body,\r\nhtml, \r\nbody button, \r\nbody input, \r\nbody select, \r\nbody textarea","font_name_group2":"standard;Arial, Helvetica, sans-serif","font_rules_group2":".blank","font_name_group3":"standard;Arial, Helvetica, sans-serif","font_rules_group3":".blank","font_name_group4":"standard;Arial, Helvetica, sans-serif","font_rules_group4":".blank","login_url":"index.php?option=com_users&view=login","rss_link":"1","rss_url":"index.php\/k2\/k2-categories?format=feed","mail_link":"1","mail_url":"index.php\/joomla-pages-i\/contacts-in-category\/2-our-address","reg_link":"1","reg_url":"#","logo_type":"css","logo_image":"","logo_text":"Magazine","logo_slogan":"Blog Template","print_logo":"","print_behaviour":"nothing","favicon_image":"","stylearea":"1","framework_logo":"0","copyrights":"Template Design &copy; <a href=\"http:\/\/www.gavick.com\" title=\"Joomla Templates\">Joomla Templates<\/a> GavickPro. All rights reserved.","webmaster_contact_type":"email","webmaster_contact":"webmaster@gavick.com","typography":"1","typo_iconset":"1","google_analytics":"","tools":"none","tools_for_pages":"com_k2=enabled\r\n101=enabled\r\n","mootools_for_pages":"","suffix_override":"106=noMainbody\r\n107=noMainbody\r\n","module_override":"","show_menu":"1","menu_name":"mainmenu","startlevel":"0","endlevel":"-1","menu_animation":"slide_fade","menu_height":"1","menu_width":"1","menu_col_width":"220","menu_duration":"250","fb_api_id":"171342606239806","fb_lang":"en_US","fb_login":"1","fb_like":"1","fb_like_send":"1","fb_like_layout":"standard","fb_like_show_faces":"true","fb_like_width":"400","fb_like_action":"like","fb_like_font":"arial","fb_like_colorscheme":"light","google_plus":"1","google_plus_count":"1","google_plus_size":"medium","google_plus_lang":"en-GB","google_plus_share":"1","google_plus_share_annotation":"bubble","google_plus_share_size":"20","tweet_btn":"1","tweet_btn_data_count":"horizontal","tweet_btn_data_via":"","tweet_btn_data_lang":"en","pinterest_btn":"1","pinterest_btn_style":"horizontal","excluded_arts":"","excluded_cats":["7"],"cookie_consent":"0","consenttype":"explicit","cookie_latest_version":"0","cookie_use_ssl":"0","banner_position":"bottom","banner_tag_placement":"bottom-right","cookie_style":"light","refreshOnConsent":"0","cookiecss":"1","use_gk_cache":"0","css_cache":"0","css_compression":"0","css_override":"0","css_prefixer":"0","js_compression":"0","jscss_excluded":"","css_custom":"","chrome_frame_support":"0"}